번호,과학원번호,발견일,폐사추정일,폐사경과일,,
1,19S-0804,2019-10-02,2019-09-30,2,,
2,19S-0864,2019-10-11,2019-10-09,2,,
3,19S-0868,2019-10-11,2019-09-26,15,,
4,19S-0876,2019-10-12,2019-10-07,5,,
5,19S-0877,2019-10-12,2019-10-05,7,,
6,19S-0897,2019-10-14,2019-10-12,2,,
7,19S-0943,2019-10-15,2019-10-13,2,,
8,19S-0959,2019-10-16,2019-10-14,2,,
9,19S-0961,2019-10-16,2019-10-13,3,,
10,19S-1146,2019-10-19,2019-10-11,8,,
11,19S-1174,2019-10-20,2019-09-30,20,,
12,19S-1199,2019-10-19,2019-09-29,20,,
13,19S-1305,2019-10-23,2019-10-11,12,,
14,19S-1306,2019-10-23,2019-10-18,5,,
15,19S-1456,2019-10-24,2019-10-04,20,,
16,19S-1596,2019-10-27,2019-10-24,3,,
17,19S-1674,2019-10-29,2019-10-19,10,,
18,19S-1676,2019-10-29,2019-10-25,4,,
19,19S-1870,2019-10-31,2019-10-27,4,,
20,19S-1905,2019-11-01,2019-10-29,3,,
21,19S-2141,2019-11-06,2019-11-05,1,,
22,19S-2138,2019-11-06,2019-11-04,2,,
23,19S-2156,2019-11-06,2019-11-05,1,,
24,19S-2533,2019-11-12,2019-11-05,7,,
25,19S-2534,2019-11-12,2019-11-04,8,,
26,19S-2965,2019-11-20,2019-11-15,5,,
27,19S-3397,2019-11-26,2019-11-25,1,,
28,19S-3404,2019-11-25,2019-11-22,3,,
29,19S-3405,2019-11-26,2019-11-21,5,,
30,19S-3485,2019-11-27,2019-11-12,15,,
31,19S-3645,2019-11-28,2019-11-21,7,,
32,19S-3646,2019-11-28,2019-11-26,2,,
33,19S-3687,2019-11-27,2019-11-27,0,,
34,19S-3709,2019-11-29,2019-11-19,10,,
35,19S-3826,2019-12-02,2019-11-27,5,,
36,19S-3870,2019-12-02,2019-11-27,5,,
37,19S-3907,2019-12-03,2019-11-13,20,,
38,19S-3965,2019-12-04,2019-11-19,15,,
39,19S-4057,2019-12-05,2019-12-03,2,,
40,19S-4074,2019-12-05,2019-11-20,15,,
41,19S-4085,2019-12-04,2019-12-04,0,,
42,19S-4277,2019-12-10,2019-12-07,3,,
43,19S-4278,2019-12-10,2019-12-07,3,,
44,19S-4371,2019-12-11,2019-11-26,15,,
45,19S-4496,2019-12-11,2019-12-11,0,,
46,19S-4505,2019-12-12,2019-12-09,3,,
47,19S-4671,2019-12-16,2019-12-11,5,,
48,19S-4775,2019-12-18,2019-12-08,10,,
49,19S-4915,2019-12-18,2019-12-11,7,,
50,19S-4918,2019-12-20,2019-12-10,10,,
51,19S-4993,2019-12-23,2019-12-20,3,,
52,19S-5125,2019-12-25,2019-12-22,3,,
53,19S-5187,2019-12-27,2019-12-24,3,,
54,19S-5196,2019-12-27,2019-12-24,3,,
55,19S-5311,2019-12-30,2019-12-23,7,,
56,19S-5464,2019-12-30,2019-12-27,3,,
57,20S-0029,2020-01-02,2019-12-18,15,,
58,20S-0042,2020-01-03,2020-01-01,1.5,,
59,20S-0047,2020-01-03,2019-12-31,3,,
60,20S-0088,2020-01-04,2019-12-30,5,,
61,20S-0089,2020-01-04,2019-12-30,5,,
62,20S-0090,2020-01-04,2019-12-20,15,,
63,20S-0110,2020-01-06,2019-12-22,15,,
64,20S-0113,2020-01-06,2020-01-04,2,,
65,20S-0137,2020-01-06,2020-01-01,5,,
66,20S-0230,2020-01-07,2020-01-04,3,,
67,20S-0341,2020-01-10,2019-12-26,15,,
68,20S-0343,2020-01-10,2020-01-05,5,,
69,20S-0351,2020-01-10,2020-01-07,3,,
70,20S-0378,2020-01-11,2020-01-08,3,,
71,20S-0379,2020-01-11,2020-01-08,3,,
72,20S-0380,2020-01-11,2020-01-06,5,,
73,20S-0467,2020-01-14,2019-12-25,20,,
74,20S-0468,2020-01-14,2020-01-09,5,,
75,20S-0471,2020-01-14,2020-01-09,5,,
76,20S-0473,2020-01-14,2019-12-20,25,,
77,20S-0474,2020-01-14,2019-12-15,30,,
78,20S-0583,2020-01-14,2019-12-30,15,,
79,20S-0584,2020-01-14,2019-12-30,15,,
80,20S-0598,2020-01-15,2020-01-12,3,,
81,20S-0599,2020-01-15,2020-01-08,7,,
82,20S-0671,2020-01-15,2019-12-16,30,,
83,20S-0678,2020-01-16,2020-01-11,5,,
84,20S-0709,2020-01-17,2020-01-07,10,,
85,20S-0710,2020-01-17,2020-01-02,15,,
86,20S-0711,2020-01-17,2019-12-28,20,,
87,20S-0752,2020-01-20,2020-01-10,10,,
88,20S-0753,2020-01-20,2020-01-10,10,,
89,20S-0766,2020-01-20,2019-12-31,20,,
90,20S-0767,2020-01-20,2020-01-13,7,,
91,20S-0768,2020-01-20,2019-12-26,25,,
92,20S-0769,2020-01-20,2019-12-31,20,,
93,20S-0770,2020-01-20,2020-01-05,15,,
94,20S-0771,2020-01-20,2019-12-26,25,,
95,20S-0772,2020-01-20,2020-01-15,5,,
96,20S-0879,2020-01-22,2020-01-12,10,,
97,20S-0880,2020-01-22,2020-01-07,15,,
98,20S-0881,2020-01-22,2020-01-02,20,,
99,20S-0887,2020-01-22,2020-01-19,3,,
100,20S-0889,2020-01-22,2020-01-15,7,,
101,20S-0891,2020-01-22,2020-01-17,5,,
102,20S-0895,2020-01-22,2020-01-17,5,,
103,20S-0896,2020-01-22,2020-01-19,3,,
104,20S-0897,2020-01-22,2020-01-07,15,,
105,20S-0965,2020-01-22,2020-01-22,0,,
106,20S-0986,2020-01-23,2020-01-08,15,,
107,20S-0990,2020-01-24,2020-01-21,3,,
108,20S-0991,2020-01-24,2020-01-21,3,,
109,20S-0992,2020-01-24,2020-01-21,3,,
110,20S-0993,2020-01-24,2020-01-21,3,,
111,20S-0994,2020-01-24,2020-01-19,5,,
112,20S-0995,2020-01-24,2020-01-21,3,,
113,20S-0997,2020-01-24,2020-01-19,5,,
114,20S-1000,2020-01-23,2020-01-23,0,,
115,20S-1002,2020-01-23,2020-01-16,7,,
116,20S-1011,2020-01-24,2020-01-14,10,,
117,20S-1012,2020-01-24,2020-01-09,15,,
118,20S-1016,2020-01-27,2020-01-22,5,,
119,20S-1027,2020-01-27,2020-01-20,7,,
120,20S-1028,2020-01-27,2020-01-22,5,,
121,20S-1029,2020-01-27,2020-01-17,10,,
122,20S-1031,2020-01-27,2020-01-24,3,,
123,20S-1032,2020-01-27,2020-01-12,15,,
124,20S-1033,2020-01-27,2020-01-24,3,,
125,20S-1041,2020-01-28,2020-01-03,25,,
126,20S-1043,2020-01-28,2020-01-03,25,,
127,20S-1045,2020-01-28,2020-01-23,5,,
128,20S-1047,2020-01-28,2020-01-21,7,,
129,20S-1049,2020-01-28,2020-01-21,7,,
130,20S-1058,2020-01-27,2020-01-27,0,,
131,20S-1126,2020-01-29,2020-01-04,25,,
132,20S-1127,2020-01-29,2020-01-04,25,,
133,20S-1129,2020-01-29,2020-01-26,3,,
134,20S-1170,2020-01-27,2020-01-02,25,,
135,20S-1179,2020-01-30,2020-01-27,3,,
136,20S-1180,2020-01-30,2020-01-27,3,,
137,20S-1181,2020-01-30,2020-01-10,20,,
138,20S-1185,2020-01-30,2020-01-05,25,,
139,20S-1213,2020-01-31,2020-01-21,10,,
140,20S-1214,2020-01-31,2020-01-11,20,,
141,20S-1215,2020-01-31,2020-01-16,15,,
142,20S-1226,2020-01-31,2020-01-28,3,,
143,20S-1228,2020-01-31,2020-01-28,3,,
144,20S-1229,2020-01-31,2020-01-24,7,,
145,20S-1230,2020-01-31,2020-01-21,10,,
146,20S-1232,2020-01-31,2019-12-22,40,,
147,20S-1245,2020-02-01,2020-01-27,5,,
148,20S-1254,2020-02-01,2020-01-25,7,,
149,20S-1266,2020-02-02,2019-12-24,40,,
150,20S-1270,2020-02-02,2020-01-23,10,,
151,20S-1271,2020-02-02,2020-01-08,25,,
152,20S-1273,2020-02-02,2020-01-28,5,,
153,20S-1274,2020-02-02,2020-01-28,5,,
154,20S-1325,2020-02-03,2020-01-19,15,,
155,20S-1330,2020-02-03,2020-01-09,25,,
156,20S-1331,2020-02-03,2020-01-29,5,,
157,20S-1332,2020-02-03,2020-01-19,15,,
158,20S-1334,2020-02-03,2020-01-09,25,,
159,20S-1335,2020-02-03,2020-01-09,25,,
160,20S-1336,2020-02-03,2020-01-27,7,,
161,20S-1337,2020-02-03,2020-01-31,3,,
162,20S-1338,2020-02-03,2020-01-27,7,,
163,20S-1339,2020-02-03,2020-01-29,5,,
164,20S-1340,2020-02-03,2020-01-29,5,,
165,20S-1430,2020-02-04,2020-02-01,3,,
166,20S-1431,2020-02-04,2020-02-01,3,,
167,20S-1440,2020-02-04,2020-01-10,25,,
168,20S-1441,2020-02-04,2020-01-20,15,,
169,20S-1450,2020-02-04,2020-01-25,10,,
170,20S-1522,2020-02-06,2020-01-30,7,,
171,20S-1569,2020-02-07,2020-02-02,5,,
172,20S-1582,2020-02-07,2020-02-02,5,,
173,20S-1598,2020-02-07,2020-01-28,10,,
174,20S-1603,2020-02-07,2020-02-07,0,,
175,20S-1615,2020-02-08,2020-01-14,25,,
176,20S-1619,2020-02-09,2020-02-06,3,,
177,20S-1618,2020-02-09,2020-02-04,5,,
178,20S-1654,2020-02-10,2020-02-07,3,,
179,20S-1657,2020-02-10,2020-02-05,5,,
180,20S-1659,2020-02-10,2020-02-03,7,,
181,20S-1660,2020-02-10,2020-02-07,3,,
182,20S-1662,2020-02-10,2020-02-05,5,,
183,20S-1663,2020-02-10,2020-01-31,10,,
184,20S-1727,2020-02-11,2020-02-08,3,,
185,20S-1728,2020-02-11,2020-02-06,5,,
186,20S-1729,2020-02-11,2020-02-08,3,,
187,20S-1736,2020-02-11,2020-02-06,5,,
188,20S-1738,2020-02-11,2020-01-27,15,,
189,20S-1743,2020-02-11,2020-01-27,15,,
190,20S-1744,2020-02-11,2020-02-04,7,,
191,20S-1745,2020-02-11,2020-02-04,7,,
192,20S-1746,2020-02-11,2020-02-06,5,,
193,20S-1759,2020-02-11,2020-02-11,0,,
194,20S-1799,2020-02-12,2020-02-07,5,,
195,20S-1800,2020-02-12,2020-02-07,5,,
196,20S-1801,2020-02-12,2020-02-02,10,,
197,20S-1802,2020-02-12,2020-02-02,10,,
198,20S-1803,2020-02-12,2020-02-07,5,,
199,20S-1804,2020-02-12,2020-02-05,7,,
200,20S-1829,2020-02-13,2020-02-08,5,,
201,20S-1830,2020-02-13,2020-02-08,5,,
202,20S-1831,2020-02-13,2020-02-06,7,,
203,20S-1837,2020-02-13,2020-02-10,3,,
204,20S-1839,2020-02-12,2020-02-07,5,,
205,20S-1870,2020-02-11,2020-01-22,20,,
206,20S-1871,2020-02-11,2020-01-17,25,,
207,20S-1874,2020-02-11,2020-01-24,18,,
208,20S-1875,2020-02-11,2020-01-22,20,,
209,20S-1876,2020-02-11,2020-01-22,20,,
210,20S-1878,2020-02-11,2020-01-24,18,,
211,20S-1882,2020-02-14,2020-01-25,20,,
212,20S-1883,2020-02-14,2020-02-09,5,,
213,20S-1886,2020-02-14,2020-01-30,15,,
214,20S-1887,2020-02-14,2020-02-07,7,,
215,20S-1888,2020-02-14,2020-02-04,10,,
216,20S-1891,2020-02-14,2020-02-07,7,,
217,20S-1894,2020-02-14,2020-02-09,5,,
218,20S-1991,2020-02-15,2020-02-12,3,,
219,20S-1992,2020-02-15,2020-02-10,5,,
220,20S-1993,2020-02-15,2020-02-08,7,,
221,20S-1994,2020-02-15,2020-02-10,5,,
222,20S-1996,2020-02-15,2020-02-10,5,,
223,20S-1997,2020-02-15,2020-02-08,7,,
224,20S-1999,2020-02-15,2020-01-21,25,,
225,20S-2019,2020-02-16,2020-02-01,15,,
226,20S-2020,2020-02-16,2020-01-27,20,,
227,20S-2021,2020-02-16,2020-02-01,15,,
228,20S-2052,2020-02-17,2020-01-23,25,,
229,20S-2070,2020-02-18,2020-02-11,7,,
230,20S-2135,2020-02-19,2020-02-04,15,,
231,20S-2137,2020-02-19,2020-02-04,15,,
232,20S-2141,2020-02-19,2020-01-20,30,,
233,20S-2142,2020-02-19,2020-02-12,7,,
234,20S-2145,2020-02-19,2020-02-09,10,,
235,20S-2146,2020-02-19,2020-01-30,20,,
236,20S-2151,2020-02-19,2020-02-16,3,,
237,20S-2154,2020-02-19,2020-01-10,40,,
238,20S-2185,2020-02-20,2020-01-31,20,,
239,20S-2186,2020-02-20,2020-01-26,25,,
240,20S-2193,2020-02-20,2020-02-15,5,,
241,20S-2194,2020-02-20,2020-02-13,7,,
242,20S-2195,2020-02-20,2020-02-15,5,,
243,20S-2196,2020-02-20,2020-02-13,7,,
244,20S-2199,2020-02-18,2020-02-08,10,,
245,20S-2273,2020-02-21,2020-01-27,25,,
246,20S-2280,2020-02-21,2020-02-14,7,,
247,20S-2281,2020-02-21,2020-02-14,7,,
248,20S-2282,2020-02-21,2020-02-14,7,,
249,20S-2287,2020-02-21,2020-02-16,5,,
250,20S-2289,2020-02-21,2020-02-16,5,,
251,20S-2290,2020-02-21,2020-02-14,7,,
252,20S-2291,2020-02-21,2020-02-01,20,,
253,20S-2297,2020-02-22,2020-02-15,7,,
254,20S-2298,2020-02-22,2020-02-07,15,,
255,20S-2299,2020-02-22,2020-02-15,7,,
256,20S-2300,2020-02-23,2020-02-08,15,,
257,20S-2301,2020-02-22,2020-02-22,0,,
258,20S-2320,2020-02-24,2020-02-17,7,,
259,20S-2321,2020-02-24,2020-02-09,15,,
260,20S-2323,2020-02-24,2020-02-04,20,,
261,20S-2328,2020-02-24,2020-02-19,5,,
262,20S-2329,2020-02-24,2020-02-17,7,,
263,20S-2330,2020-02-24,2020-02-19,5,,
264,20S-2440,2020-02-26,2020-02-19,7,,
265,20S-2441,2020-02-26,2020-02-11,15,,
266,20S-2443,2020-02-26,2020-02-21,5,,
267,20S-2444,2020-02-26,2020-02-19,7,,
268,20S-2445,2020-02-26,2020-02-19,7,,
269,20S-2446,2020-02-26,2020-02-11,15,,
270,20S-2448,2020-02-26,2020-02-21,5,,
271,20S-2450,2020-02-26,2020-02-16,10,,
272,20S-2451,2020-02-26,2020-02-24,2,,
273,20S-2483,2020-02-27,2020-02-20,7,,
274,20S-2484,2020-02-27,2020-02-20,7,,
275,20S-2485,2020-02-27,2020-02-20,7,,
276,20S-2486,2020-02-27,2020-02-26,1,,
277,20S-2487,2020-02-27,2020-02-22,5,,
278,20S-2488,2020-02-27,2020-02-20,7,,
279,20S-2489,2020-02-27,2020-02-26,1,,
280,20S-2491,2020-02-27,2020-02-20,7,,
281,20S-2492,2020-02-27,2020-02-22,5,,
282,20S-2512,2020-02-28,2020-02-18,10,,
283,20S-2513,2020-02-28,2020-02-21,7,,
284,20S-2514,2020-02-28,2020-02-23,5,,
285,20S-2516,2020-02-28,2020-02-21,7,,
286,20S-2517,2020-02-28,2020-02-21,7,,
287,20S-2518,2020-02-28,2020-02-23,5,,
288,20S-2519,2020-02-28,2020-02-21,7,,
289,20S-2520,2020-02-28,2020-02-18,10,,
290,20S-2521,2020-02-28,2020-02-21,7,,
291,20S-2532,2020-02-29,2020-02-26,3,,
292,20S-2533,2020-02-29,2020-02-14,15,,
293,20S-2537,2020-02-29,2020-02-24,5,,
294,20S-2538,2020-02-29,2020-02-24,5,,
295,20S-2540,2020-03-01,2020-02-23,7,,
296,20S-2541,2020-03-01,2020-01-31,30,,
297,20S-2544,2020-03-01,2020-02-25,5,,
298,20S-2545,2020-02-29,2020-02-24,5,,
299,20S-2575,2020-03-02,2020-02-21,10,,
300,20S-2576,2020-03-02,2020-02-16,15,,
301,20S-2578,2020-03-02,2020-02-16,15,,
302,20S-2579,2020-03-02,2020-02-26,5,,
303,20S-2580,2020-03-02,2020-02-26,5,,
304,20S-2587,2020-03-02,2020-02-16,15,,
305,20S-2588,2020-03-02,2020-02-26,5,,
306,20S-2589,2020-03-02,2020-02-26,5,,
307,20S-2678,2020-03-03,2020-02-27,5,,
308,20S-2680,2020-03-03,2020-02-29,3,,
309,20S-2682,2020-03-03,2020-02-25,7,,
310,20S-2683,2020-03-03,2020-02-27,5,,
311,20S-2723,2020-03-03,2020-02-27,5,,
312,20S-2724,2020-03-03,2020-02-07,25,,
313,20S-2725,2020-03-03,2020-02-17,15,,
314,20S-2726,2020-03-03,2020-02-27,5,,
315,20S-2733,2020-03-04,2020-02-23,10,,
316,20S-2737,2020-03-04,2020-02-28,5,,
317,20S-2738,2020-03-04,2020-02-28,5,,
318,20S-2740,2020-03-04,2020-02-26,7,,
319,20S-2742,2020-03-04,2020-02-26,7,,
320,20S-2781,2020-03-05,2020-03-02,3,,
321,20S-2832,2020-03-05,2020-02-29,5,,
322,20S-2835,2020-03-06,2020-01-26,40,,
323,20S-2849,2020-03-06,2020-03-03,3,,
324,20S-2850,2020-03-06,2020-02-28,7,,
325,20S-2856,2020-03-06,2020-02-28,7,,
326,20S-2860,2020-03-07,2020-02-29,7,,
327,20S-2861,2020-03-07,2020-03-02,5,,
328,20S-2863,2020-03-07,2020-03-02,5,,
329,20S-2867,2020-03-07,2020-02-26,10,,
330,20S-2872,2020-03-08,2020-03-01,7,,
331,20S-2874,2020-03-08,2020-02-27,10,,
332,20S-2875,2020-03-08,2020-02-25,12,,
333,20S-2881,2020-03-07,2020-02-29,7,,
334,20S-2882,2020-03-07,2020-03-02,5,,
335,20S-2883,2020-03-07,2020-03-02,5,,
336,20S-2884,2020-03-07,2020-03-02,5,,
337,20S-2885,2020-03-07,2020-03-04,3,,
338,20S-2886,2020-03-07,2020-03-02,5,,
339,20S-2887,2020-03-07,2020-02-21,15,,
340,20S-2954,2020-03-09,2020-03-06,3,,
341,20S-2955,2020-03-09,2020-03-04,5,,
342,20S-2956,2020-03-09,2020-03-06,3,,
343,20S-2957,2020-03-09,2020-03-06,3,,
344,20S-2958,2020-03-09,2020-03-06,3,,
345,20S-2959,2020-03-09,2020-03-06,3,,
346,20S-2960,2020-03-09,2020-03-06,3,,
347,20S-2961,2020-03-09,2020-02-28,10,,
348,20S-2966,2020-03-09,2020-03-02,7,,
349,20S-2986,2020-03-10,2020-02-09,30,,
350,20S-3036,2020-03-11,2020-03-06,5,,
351,20S-3038,2020-03-11,2020-03-06,5,,
352,20S-3040,2020-03-11,2020-02-25,15,,
353,20S-3041,2020-03-11,2020-03-06,5,,
354,20S-3044,2020-03-11,2020-03-06,5,,
355,20S-3045,2020-03-11,2020-03-01,10,,
356,20S-3053,2020-03-12,2020-03-09,3,,
357,20S-3059,2020-03-12,2020-03-09,3,,
358,20S-3060,2020-03-12,2020-02-26,15,,
359,20S-3062,2020-03-12,2020-02-21,20,,
360,20S-3063,2020-03-12,2020-02-26,15,,
361,20S-3065,2020-03-12,2020-02-26,15,,
362,20S-3070,2020-03-11,2020-03-01,10,,
363,20S-3072,2020-03-12,2020-03-07,5,,
364,20S-3073,2020-03-12,2020-03-09,3,,
365,20S-3074,2020-03-12,2020-03-02,10,,
366,20S-3075,2020-03-12,2020-03-11,1,,
367,20S-3128,2020-03-13,2020-02-12,30,,
368,20S-3129,2020-03-13,2020-03-10,3,,
369,20S-3130,2020-03-13,2020-02-27,15,,
370,20S-3139,2020-03-13,2020-03-08,5,,
371,20S-3140,2020-03-13,2020-03-08,5,,
372,20S-3141,2020-03-13,2020-03-03,10,,
373,20S-3144,2020-03-13,2020-03-10,3,,
374,20S-3157,2020-03-14,2020-02-28,15,,
375,20S-3158,2020-03-14,2020-03-10,4,,
376,20S-3159,2020-03-14,2020-03-09,5,,
377,20S-3160,2020-03-14,2020-03-07,7,,
378,20S-3161,2020-03-14,2020-03-07,7,,
379,20S-3194,2020-03-16,2020-03-01,15,,
380,20S-3195,2020-03-16,2020-03-09,7,,
381,20S-3196,2020-03-16,2020-03-13,3,,
382,20S-3197,2020-03-16,2020-03-11,5,,
383,20S-3198,2020-03-16,2020-03-11,5,,
384,20S-3199,2020-03-16,2020-03-06,10,,
385,20S-3200,2020-03-16,2020-03-11,5,,
386,20S-3201,2020-03-16,2020-03-13,3,,
387,20S-3202,2020-03-16,2020-03-01,15,,
388,20S-3203,2020-03-16,2020-03-01,15,,
389,20S-3204,2020-03-16,2020-03-11,5,,
390,20S-3274,2020-03-17,2020-03-14,3,,
391,20S-3314,2020-03-18,2020-03-15,3,,
392,20S-3315,2020-03-18,2020-03-15,3,,
393,20S-3326,2020-03-18,2020-03-03,15,,
394,20S-3328,2020-03-18,2020-03-13,5,,
395,20S-3331,2020-03-18,2020-02-22,25,,
396,20S-3332,2020-03-18,2020-03-08,10,,
397,20S-3334,2020-03-18,2020-03-08,10,,
398,20S-3335,2020-03-18,2020-03-13,5,,
399,20S-3336,2020-03-18,2020-03-15,3,,
400,20S-3337,2020-03-18,2020-03-13,5,,
401,20S-3338,2020-03-18,2020-03-13,5,,
402,20S-3339,2020-03-18,2020-03-13,5,,
403,20S-3340,2020-03-18,2020-03-08,10,,
404,20S-3341,2020-03-18,2020-03-15,3,,
405,20S-3342,2020-03-18,2020-03-13,5,,
406,20S-3343,2020-03-18,2020-03-15,3,,
407,20S-3404,2020-03-19,2020-03-12,7,,
408,20S-3408,2020-03-20,2020-03-17,3,,
409,20S-3417,2020-03-20,2020-03-15,5,,
410,20S-3419,2020-03-20,2020-03-13,7,,
411,20S-3420,2020-03-20,2020-03-13,7,,
412,20S-3410,2020-03-20,2020-03-05,15,,
413,20S-3411,2020-03-20,2020-03-05,15,,
414,20S-3433,2020-03-20,2020-02-24,25,,
415,20S-3434,2020-03-20,2020-02-29,20,,
416,20S-3437,2020-03-21,2020-03-11,10,,
417,20S-3438,2020-03-21,2020-03-18,3,,
418,20S-3442,2020-03-22,2020-03-19,3,,
419,20S-3444,2020-03-21,2020-03-16,5,,
420,20S-3448,2020-03-22,2020-03-19,3,,
421,20S-3451,2020-03-20,2020-03-20,0,,
422,20S-3476,2020-03-23,2020-03-08,15,,
423,20S-3477,2020-03-23,2020-03-08,15,,
424,20S-3478,2020-03-23,2020-03-18,5,,
425,20S-3483,2020-03-23,2020-02-22,30,,
426,20S-3484,2020-03-23,2020-03-18,5,,
427,20S-3492,2020-03-23,2020-03-16,7,,
428,20S-3494,2020-03-23,2020-03-18,5,,
429,20S-3495,2020-03-23,2020-03-18,5,,
430,20S-3503,2020-03-23,2020-03-23,0,,
431,20S-3538,2020-03-23,2020-03-20,3,,
432,20S-3539,2020-03-23,2020-03-20,3,,
433,20S-3546,2020-03-24,2020-03-21,3,,
434,20S-3547,2020-03-24,2020-03-19,5,,
435,20S-3555,2020-03-24,2020-03-19,5,,
436,20S-3556,2020-03-24,2020-02-28,25,,
437,20S-3557,2020-03-24,2020-03-19,5,,
438,20S-3558,2020-03-24,2020-03-21,3,,
439,20S-3563,2020-03-24,2020-02-28,25,,
440,20S-3599,2020-03-25,2020-03-15,10,,
441,20S-3607,2020-03-25,2020-03-05,20,,
442,20S-3613,2020-03-25,2020-03-22,3,,
443,20S-3614,2020-03-25,2020-03-18,7,,
444,20S-3615,2020-03-25,2020-03-22,3,,
445,20S-3616,2020-03-25,2020-03-18,7,,
446,20S-3617,2020-03-25,2020-03-15,10,,
447,20S-3618,2020-03-25,2020-03-18,7,,
448,20S-3619,2020-03-25,2020-03-20,5,,
449,20S-3682,2020-03-26,2020-03-23,3,,
450,20S-3683,2020-03-26,2020-03-14,12,,
451,20S-3684,2020-03-26,2020-03-16,10,,
452,20S-3686,2020-03-26,2020-03-19,7,,
453,20S-3687,2020-03-26,2020-03-23,3,,
454,20S-3688,2020-03-26,2020-03-21,5,,
455,20S-3689,2020-03-26,2020-03-21,5,,
456,20S-3690,2020-03-26,2020-03-16,10,,
457,20S-3691,2020-03-26,2020-03-21,5,,
458,20S-3692,2020-03-26,2020-03-16,10,,
459,20S-3693,2020-03-26,2020-03-16,10,,
460,20S-3733,2020-03-27,2020-03-26,1,,
461,20S-3757,2020-03-28,2020-03-21,7,,
462,20S-3758,2020-03-28,2020-03-25,3,,
463,20S-3763,2020-03-28,2020-03-23,5,,
464,20S-3764,2020-03-28,2020-03-23,5,,
465,20S-3765,2020-03-28,2020-03-08,20,,
466,20S-3766,2020-03-28,2020-03-03,25,,
467,20S-3767,2020-03-28,2020-03-21,7,,
468,20S-3798,2020-03-29,2020-03-26,3,,
469,20S-3799,2020-03-29,2020-03-24,5,,
470,20S-3800,2020-03-29,2020-03-22,7,,
471,20S-3912,2020-03-28,2020-03-16,12,,
472,20S-3914,2020-03-31,2020-03-26,5,,
473,20S-3929,2020-03-31,2020-03-31,0,,
474,20S-3938,2020-03-31,2020-03-28,3,,
475,20S-3940,2020-03-31,2020-03-26,5,,
476,20S-3941,2020-03-31,2020-03-28,3,,
477,20S-3944,2020-03-31,2020-03-28,3,,
478,20S-3947,2020-03-31,2020-03-26,5,,
479,20S-3949,2020-03-31,2020-03-26,5,,
480,20S-4020,2020-03-31,2020-03-31,0,,
481,20S-4024,2020-04-02,2020-03-26,7,,
482,20S-4026,2020-04-02,2020-02-22,40,,
483,20S-4029,2020-04-02,2020-03-30,3,,
484,20S-4054,2020-04-03,2020-03-29,5,,
485,20S-4084,2020-04-03,2020-03-27,7,,
486,20S-4094,2020-04-04,2020-03-15,20,,
487,20S-4095,2020-04-04,2020-03-30,5,,
488,20S-4101,2020-04-04,2020-03-30,5,,
489,20S-4102,2020-04-04,2020-03-05,30,,
490,20S-4106,2020-04-05,2020-04-02,3,,
491,20S-4188,2020-04-06,2020-03-07,30,,
492,20S-4189,2020-04-06,2020-03-27,10,,
493,20S-4191,2020-04-06,2020-04-01,5,,
494,20S-4192,2020-04-06,2020-04-03,3,,
495,20S-4194,2020-04-06,2020-04-03,3,,
496,20S-4195,2020-04-06,2020-04-03,3,,
497,20S-4241,2020-04-07,2020-04-04,3,,
498,20S-4243,2020-04-07,2020-04-02,5,,
499,20S-4244,2020-04-07,2020-03-08,30,,
500,20S-4245,2020-04-07,2020-03-28,10,,
501,20S-4246,2020-04-07,2020-03-31,7,,
502,20S-4247,2020-04-07,2020-03-18,20,,
503,20S-4248,2020-04-07,2020-03-23,15,,
504,20S-4249,2020-04-07,2020-03-23,15,,
505,20S-4251,2020-04-07,2020-04-02,5,,
506,20S-4253,2020-04-07,2020-03-31,7,,
507,20S-4275,2020-04-08,2020-03-24,15,,
508,20S-4276,2020-04-08,2020-03-29,10,,
509,20S-4279,2020-04-08,2020-04-01,7,,
510,20S-4280,2020-04-08,2020-04-01,7,,
511,20S-4281,2020-04-08,2020-04-03,5,,
512,20S-4282,2020-04-08,2020-04-05,3,,
513,20S-4284,2020-04-08,2020-03-24,15,,
514,20S-4336,2020-04-09,2020-04-04,5,,
515,20S-4337,2020-04-09,2020-04-04,5,,
516,20S-4338,2020-04-09,2020-03-30,10,,
517,20S-4343,2020-04-09,2020-04-06,3,,
518,20S-4348,2020-04-09,2020-04-02,7,,
519,20S-4401,2020-04-10,2020-03-31,10,,
520,20S-4406,2020-04-10,2020-03-21,20,,
521,20S-4407,2020-04-10,2020-03-26,15,,
522,20S-4408,2020-04-10,2020-03-21,20,,
523,20S-4411,2020-04-10,2020-03-21,20,,
524,20S-4413,2020-04-10,2020-04-03,7,,
525,20S-4414,2020-04-10,2020-03-31,10,,
526,20S-4421,2020-04-11,2020-03-27,15,,
527,20S-4437,2020-04-11,2020-04-11,0,,
528,20S-4441,2020-04-11,2020-03-30,12,,
529,20S-4442,2020-04-11,2020-04-01,10,,
530,20S-4450,2020-04-12,2020-04-05,7,,
531,20S-4462,2020-04-13,2020-04-06,7,,
532,20S-4472,2020-04-13,2020-04-03,10,,
533,20S-4473,2020-04-13,2020-04-10,3,,
534,20S-4475,2020-04-13,2020-03-24,20,,
535,20S-4477,2020-04-13,2020-03-24,20,,
536,20S-4538,2020-04-14,2020-04-07,7,,
537,20S-4539,2020-04-14,2020-04-09,5,,
538,20S-4541,2020-04-14,2020-04-02,12,,
539,20S-4548,2020-04-15,2020-03-21,25,,
540,20S-4579,2020-04-16,2020-04-11,5,,
541,20S-4589,2020-04-16,2020-04-09,7,,
542,20S-4590,2020-04-16,2020-04-04,12,,
543,20S-4593,2020-04-16,2020-04-11,5,,
544,20S-4595,2020-04-14,2020-03-30,15,,
545,20S-4657,2020-04-17,2020-04-17,0,,
546,20S-4674,2020-04-18,2020-04-06,12,,
547,20S-4690,2020-04-19,2020-04-07,12,,
548,20S-4691,2020-04-19,2020-04-09,10,,
549,20S-4710,2020-04-20,2020-04-13,7,,
550,20S-4759,2020-04-19,2020-04-14,5,,
551,20S-4768,2020-04-21,2020-03-22,30,,
552,20S-4769,2020-04-21,2020-04-06,15,,
553,20S-4773,2020-04-21,2020-03-27,25,,
554,20S-4774,2020-04-21,2020-04-06,15,,
555,20S-4776,2020-04-21,2020-04-09,12,,
556,20S-4777,2020-04-21,2020-04-14,7,,
557,20S-4778,2020-04-21,2020-04-16,5,,
558,20S-4780,2020-04-21,2020-04-09,12,,
559,20S-4783,2020-04-20,2020-04-13,7,,
560,20S-4819,2020-04-21,2020-04-16,5,,
561,20S-4823,2020-04-22,2020-04-02,20,,
562,20S-4825,2020-04-22,2020-01-13,100,,
563,20S-4826,2020-04-22,2020-04-10,12,,
564,20S-4831,2020-04-22,2020-04-07,15,,
565,20S-4833,2020-04-22,2020-04-02,20,,
566,20S-4862,2020-04-23,2020-03-24,30,,
567,20S-4864,2020-04-23,2020-04-08,15,,
568,20S-4865,2020-04-23,2020-04-08,15,,
569,20S-4872,2020-04-23,2020-04-03,20,,
570,20S-4912,2020-04-24,2020-04-04,20,,
571,20S-4962,2020-04-26,2020-04-11,15,,
572,20S-4965,2020-04-25,2020-04-15,10,,
573,20S-4968,2020-04-26,2020-04-06,20,,
574,20S-4969,2020-04-26,2020-04-11,15,,
575,20S-4970,2020-04-26,2020-04-19,7,,
576,20S-4971,2020-04-26,2020-04-16,10,,
577,20S-4992,2020-04-27,2020-04-02,25,,
578,20S-4994,2020-04-27,2020-04-12,15,,
579,20S-4995,2020-04-27,2020-04-15,12,,
580,20S-4997,2020-04-27,2020-04-02,25,,
581,20S-5067,2020-04-28,2020-04-23,5,,
582,20S-5071,2020-04-28,2020-04-03,25,,
583,20S-5073,2020-04-28,2020-04-25,3,,
584,20S-5105,2020-04-29,2020-04-04,25,,
585,20S-5106,2020-04-29,2020-04-09,20,,
586,20S-5123,2020-04-30,2020-03-21,40,,
587,20S-5124,2020-04-30,2020-03-31,30,,
588,20S-5132,2020-04-29,2020-04-22,7,,
589,20S-5133,2020-04-29,2020-04-04,25,,
590,20S-5135,2020-05-01,2020-03-12,50,,
591,20S-5183,2020-05-02,2020-04-12,20,,
592,20S-5184,2020-05-02,2020-04-12,20,,
593,20S-5185,2020-05-02,2020-04-17,15,,
594,20S-5186,2020-05-02,2020-04-12,20,,
595,20S-5188,2020-05-02,2020-04-02,30,,
596,20S-5237,2020-05-04,2020-04-29,5,,
597,20S-5238,2020-05-04,2020-04-19,15,,
598,20S-5239,2020-05-04,2020-03-25,40,,
599,20S-5243,2020-05-04,2020-04-19,15,,
600,20S-5246,2020-05-04,2020-04-19,15,,
601,20S-5253,2020-05-04,2020-04-04,30,,
602,20S-5254,2020-05-04,2020-04-14,20,,
603,20S-5255,2020-05-04,2020-04-27,7,,
604,20S-5257,2020-05-04,2020-03-05,60,,
605,20S-5316,2020-05-06,2020-03-27,40,,
606,20S-5344,2020-05-06,2020-05-06,0,,
607,20S-5391,2020-05-08,2020-05-01,7,,
608,20S-5410,2020-05-10,2020-03-31,40,,
609,20S-5411,2020-05-10,2020-04-20,20,,
610,20S-5438,2020-05-11,2020-04-11,30,,
611,20S-5443,2020-05-11,2020-05-06,5,,
612,20S-5446,2020-05-11,2020-04-11,30,,
613,20S-5482,2020-05-12,2020-04-12,30,,
614,20S-5483,2020-05-12,2020-04-12,30,,
615,20S-5484,2020-05-12,2020-03-13,60,,
616,20S-5485,2020-05-12,2020-03-23,50,,
617,20S-5534,2020-05-13,2020-03-14,60,,
618,20S-5548,2020-05-14,2020-04-24,20,,
619,20S-5550,2020-05-13,2020-04-03,40,,
620,20S-5553,2020-05-14,2020-04-14,30,,
621,20S-5554,2020-05-14,2020-04-24,20,,
622,20S-5614,2020-05-18,2020-04-18,30,,
623,20S-5622,2020-05-18,2020-05-15,3,,
624,20S-5691,2020-05-20,2020-03-31,50,,
625,20S-5759,2020-05-22,2020-03-23,60,,
626,20S-5760,2020-05-22,2020-04-12,40,,
627,20S-5763,2020-05-22,2020-04-27,25,,
628,20S-5802,2020-05-25,2020-04-25,30,,
629,20S-5803,2020-05-25,2020-03-26,60,,
630,20S-5810,2020-05-22,2020-05-22,0,,
631,20S-5852,2020-05-26,2020-04-16,40,,
632,20S-6072,2020-06-04,2020-05-15,20,,
633,20S-6137,2020-06-08,2020-05-19,20,,
634,20S-6182,2020-06-09,2020-06-02,7,,
635,20S-6215,2020-06-10,2020-06-09,1,,
636,20S-6258,2020-06-11,2020-05-22,20,,
637,20S-6272,2020-06-12,2020-05-18,25,,
638,20S-6275,2020-06-12,2020-05-03,40,,
639,20S-6307,2020-06-13,2020-06-12,1,,
640,20S-6326,2020-06-15,2020-06-12,3,,
641,20S-6418,2020-06-18,2020-06-13,5,,
642,20S-6419,2020-06-18,2020-06-15,3,,
643,20S-6421,2020-06-18,2020-04-29,50,,
644,20S-6422,2020-06-18,2020-05-29,20,,
645,20S-6448,2020-06-17,2020-06-17,0,,
646,20S-6508,2020-06-22,2020-05-13,40,,
647,20S-6510,2020-06-22,2020-06-17,5,,
648,20S-6511,2020-06-22,2020-06-15,7,,
649,20S-6512,2020-06-22,2020-06-15,7,,
650,20S-6513,2020-06-22,2020-06-15,7,,
651,20S-6514,2020-06-22,2020-06-12,10,,
652,20S-6515,2020-06-22,2020-06-15,7,,
653,20S-6569,2020-06-23,2020-06-08,15,,
654,20S-6678,2020-06-27,2020-05-18,40,,
655,20S-6728,2020-06-29,2020-05-10,50,,
656,20S-6835,2020-07-01,2020-06-16,15,,
657,20S-6877,2020-07-01,2020-06-26,5,,
658,20S-6879,2020-07-01,2020-06-06,25,,
659,20S-6894,2020-07-02,2020-06-27,5,,
660,20S-6944,2020-07-03,2020-06-03,30,,
661,20S-6946,2020-07-03,2020-06-25,8,,
662,20S-6947,2020-07-03,2020-06-28,5,,
663,20S-6976,2020-07-06,2020-06-28,8,,
664,20S-7060,2020-07-07,2020-07-02,5,,
665,20S-7062,2020-07-07,2020-06-30,7,,
666,20S-7063,2020-07-07,2020-06-22,15,,
667,20S-7080,2020-07-07,2020-07-02,5,,
668,20S-7214,2020-07-10,2020-07-03,7,,
669,20S-7238,2020-07-11,2020-07-03,8,,
670,20S-7272,2020-07-11,2020-06-28,13,,
671,20S-7323,2020-07-13,2020-07-07,6,,
672,20S-7408,2020-07-15,2020-06-30,15,,
673,20S-7410,2020-07-15,2020-07-10,5,,
674,20S-7444,2020-07-15,2020-07-15,0,,
675,20S-7459,2020-07-16,2020-07-01,15,,
676,20S-7462,2020-07-16,2020-06-16,30,,
677,20S-7671,2020-07-20,2020-07-20,0,,
678,20S-7768,2020-07-22,2020-07-17,5,,
679,20S-7788,2020-07-22,2020-07-22,0,,
680,20S-7817,2020-07-23,2020-07-13,10,,
681,20S-7893,2020-07-25,2020-07-08,17,,
682,20S-7894,2020-07-25,2020-07-15,10,,
683,20S-7895,2020-07-25,2020-07-18,7,,
684,20S-7896,2020-07-25,2020-06-30,25,,
685,20S-7928,2020-07-27,2020-07-22,5,,
686,20S-7929,2020-07-27,2020-07-22,5,,
687,20S-8021,2020-07-28,2020-07-13,15,,
688,20S-8029,2020-07-28,2020-07-21,7,,
689,20S-8057,2020-07-28,2020-07-28,0,,
690,20S-8163,2020-07-31,2020-07-26,5,,
691,20S-8228,2020-08-01,2020-08-01,0,,
692,20S-8280,2020-08-05,2020-08-05,0,,
693,20S-8319,2020-08-06,2020-08-06,0,,
694,20S-8334,2020-08-07,2020-08-04,3,,
695,20S-8337,2020-08-07,2020-07-28,10,,
696,20S-8359,2020-08-07,2020-08-04,3,,
697,20S-8388,2020-08-08,2020-08-08,0,,
698,20S-8393,2020-08-10,2020-08-05,5,,
699,20S-8425,2020-08-11,2020-08-04,7,,
700,20S-8426,2020-08-11,2020-08-06,5,,
701,20S-8467,2020-08-12,2020-07-21,22,,
702,20S-8510,2020-08-12,2020-08-07,5,,
703,20S-8515,2020-08-13,2020-08-06,7,,
704,20S-8516,2020-08-13,2020-08-06,7,,
705,20S-8517,2020-08-13,2020-07-29,15,,
706,20S-8519,2020-08-13,2020-05-15,90,,
707,20S-8527,2020-08-14,2020-07-30,15,,
708,20S-8532,2020-08-14,2020-08-07,7,,
709,20S-8557,2020-08-15,2020-08-12,3,,
710,20S-8560,2020-08-17,2020-08-02,15,,
711,20S-8562,2020-08-17,2020-08-14,3,,
712,20S-8582,2020-08-18,2020-08-13,5,,
713,20S-8584,2020-08-18,2020-07-24,25,,
714,20S-8585,2020-08-18,2020-08-14,4,,
715,20S-8588,2020-08-18,2020-08-08,10,,
716,20S-8624,2020-08-18,2020-08-06,12,,
717,20S-8626,2020-08-19,2020-07-20,30,,
718,20S-8629,2020-08-19,2020-06-30,50,,
719,20S-8648,2020-08-20,2020-08-17,3,,
720,20S-8649,2020-08-20,2020-07-01,50,,
721,20S-8655,2020-08-19,2020-08-19,0,,
722,20S-8677,2020-08-23,2020-08-08,15,,
723,20S-8678,2020-08-22,2020-08-17,5,,
724,20S-8679,2020-08-22,2020-08-15,7,,
725,20S-8704,2020-08-23,2020-08-16,7,,
726,20S-8731,2020-08-25,2020-07-16,40,,
727,20S-8732,2020-08-25,2020-07-26,30,,
728,20S-8795,2020-08-31,2020-08-11,20,,
729,20S-8798,2020-08-30,2020-07-26,35,,
730,20S-8799,2020-08-30,2020-07-31,30,,
731,20S-8800,2020-08-31,2020-07-22,40,,
732,20S-8829,2020-09-02,2020-08-28,5,,
733,20S-8832,2020-09-02,2020-07-24,40,,
734,20S-8833,2020-09-02,2020-08-18,15,,
735,20S-8860,2020-09-04,2020-08-31,4,,
736,20S-8880,2020-09-07,2020-09-04,3,,
737,20S-8935,2020-09-08,2020-09-08,0,,
738,20S-8954,2020-09-11,2020-09-08,3,,
739,20S-9061,2020-09-16,2020-09-16,0,,
740,20S-9071,2020-09-18,2020-09-03,15,,
741,20S-9095,2020-09-21,2020-08-27,25,,
742,20S-9131,2020-09-22,2020-09-09,13,,
743,20S-9132,2020-09-22,2020-09-04,18,,
744,20S-9133,2020-09-22,2020-09-17,5,,
745,20S-9175,2020-09-22,2020-09-02,20,,
746,20S-9216,2020-09-25,2020-09-20,5,,
747,20S-9218,2020-09-25,2020-09-07,18,,
748,20S-9238,2020-09-26,2020-09-23,3,,
749,20S-9239,2020-09-26,2020-09-16,10,,
750,20S-9240,2020-09-27,2020-09-20,7,,
751,20S-9241,2020-09-26,2020-09-26,0,,
752,20S-9250,2020-09-26,2020-09-23,3,,
753,20S-9251,2020-09-28,2020-09-25,3,,
754,20S-9285,2020-09-28,2020-09-25,3,,
755,20S-9317,2020-09-29,2020-09-04,25,,
756,20S-9332,2020-10-04,2020-09-27,7,,
757,20S-9347,2020-10-05,2020-09-23,12,,
758,20S-9370,2020-10-06,2020-10-04,2,,
759,20S-9426,2020-10-08,2020-08-09,60,,
760,20S-9427,2020-10-08,2020-08-09,60,,
761,20S-9456,2020-10-08,2020-09-25,13,,
762,20S-9473,2020-10-12,2020-10-09,3,,
763,20S-9478,2020-10-11,2020-10-10,1,,
764,20S-9524,2020-10-10,2020-10-10,0,,
765,20S-9568,2020-10-13,2020-09-28,15,,
766,20S-9598,2020-10-15,2020-10-12,3,,
767,20S-9696,2020-10-20,2020-09-30,20,,
768,20S-9723,2020-10-21,2020-10-19,2,,
769,20S-9729,2020-10-21,2020-10-06,15,,
770,20S-9792,2020-10-24,2020-10-02,22,,
771,20S-9793,2020-10-24,2020-10-02,22,,
772,20S-9795,2020-10-25,2020-10-19,6,,
773,20S-9812,2020-10-26,2020-10-11,15,,
774,20S-9846,2020-10-26,2020-09-11,45,,
775,20S-9863,2020-10-27,2020-10-22,5,,
776,20S-9870,2020-10-27,2020-10-17,10,,
777,20S-9931,2020-10-29,2020-10-26,3,,
778,20S-9963,2020-10-30,2020-10-27,3,,
779,20S-9964,2020-10-30,2020-09-15,45,,
780,20S-9998,2020-10-31,2020-10-28,3,,
781,20S-9999,2020-10-31,2020-10-28,3,,
782,20S-10002,2020-11-01,2020-09-17,45,,
783,20S-10058,2020-11-03,2020-10-25,9,,
784,20S-10059,2020-11-03,2020-10-16,18,,
785,20S-10088,2020-11-04,2020-11-01,3,,
786,20S-10109,2020-11-05,2020-07-28,100,,
787,20S-10113,2020-11-05,2020-11-02,3,,
788,20S-10145,2020-11-06,2020-10-31,6,,
789,20S-10232,2020-11-09,2020-10-15,25,,
790,20S-10233,2020-11-09,2020-10-30,10,,
791,20S-10235,2020-11-09,2020-10-25,15,,
792,20S-10276,2020-11-09,2020-11-01,8,,
793,20S-10305,2020-11-11,2020-08-13,90,,
794,20S-10308,2020-11-11,2020-11-07,4,,
795,20S-10343,2020-11-11,2020-11-06,5,,
796,20S-10345,2020-11-12,2020-10-23,20,,
797,20S-10347,2020-11-11,2020-11-08,3,,
798,20S-10401,2020-11-13,2020-11-08,5,,
799,20S-10408,2020-11-12,2020-11-07,5,,
800,20S-10435,2020-11-16,2020-10-30,17,,
801,20S-10438,2020-11-16,2020-09-17,60,,
802,20S-10485,2020-11-16,2020-11-06,10,,
803,20S-10491,2020-11-17,2020-11-10,7,,
804,20S-10492,2020-11-17,2020-11-13,4,,
805,20S-10625,2020-11-23,2020-11-20,3,,
806,20S-10626,2020-11-23,2020-11-19,4,,
807,20S-10628,2020-11-22,2020-11-17,5,,
809,20S-10632,2020-11-23,2020-11-13,10,,
810,20S-10633,2020-11-23,2020-11-18,5,,
808,20S-10634,2020-11-23,2020-11-05,18,,
811,20S-10704,2020-11-24,2020-11-09,15,,
812,20S-10712,2020-11-24,2020-11-20,4,,
813,20S-10733,2020-11-25,2020-11-05,20,,
814,20S-10735,2020-11-25,2020-11-17,8,,
815,20S-10737,2020-11-25,2020-11-21,4,,
816,20S-10739,2020-11-25,2020-11-21,4,,
817,20S-10769,2020-11-26,2020-09-17,70,,
818,20S-10774,2020-11-26,2020-10-07,50,,
819,20S-10776,2020-11-26,2020-09-27,60,,
820,20S-10787,2020-11-25,2020-11-25,0,,
821,20S-10788,2020-11-25,2020-11-25,0,,
822,20S-10789,2020-11-25,2020-11-25,0,,
823,20S-10790,2020-11-25,2020-11-25,0,,
824,20S-10791,2020-11-27,2020-11-20,7,,
825,20S-10792,2020-11-27,2020-11-07,20,,
826,20S-10793,2020-11-27,2020-11-17,10,,
827,20S-10794,2020-11-27,2020-11-12,15,,
828,20S-10796,2020-11-27,2020-11-24,3,,
829,20S-10797,2020-11-27,2020-11-22,5,,
830,20S-10798,2020-11-27,2020-11-02,25,,
831,20S-10800,2020-11-27,2020-11-02,25,,
832,20S-10846,2020-11-28,2020-11-20,8,,
833,20S-10870,2020-11-27,2020-11-27,0,,
834,20S-10873,2020-11-30,2020-11-27,3 ,,
835,20S-10879,2020-11-30,2020-11-10,20 ,,
836,20S-10881,2020-11-30,2020-11-05,25 ,,
837,20S-10951,2020-12-01,2020-11-19,12 ,,
838,20S-10983,2020-12-02,2020-11-25,7,,
839,20S-10986,2020-12-02,2020-11-27,5,,
840,20S-10989,2020-12-02,2020-10-13,50,,
841,20S-10991,2020-12-02,2020-11-28,4,,
842,20S-11032,2020-12-04,2020-12-01,3,,
843,20S-11042,2020-12-04,2020-11-22,12,,
844,20S-11043,2020-12-05,2020-12-03,2,,
845,20S-11073,2020-12-07,2020-11-27,10,,
846,20S-11075,2020-12-07,2020-12-02,5,,
847,20S-11080,2020-12-07,2020-11-27,10,,
848,20S-11091,2020-12-07,2020-12-07,0,,
849,20S-11094,2020-12-06,2020-12-06,0,,
850,20S-11120,2020-12-08,2020-12-04,4,,
851,20S-11121,2020-12-08,2020-11-30,8,,
852,20S-11122,2020-12-08,2020-12-01,7,,
853,20S-11123,2020-12-08,2020-12-01,7,,
854,20S-11124,2020-12-08,2020-11-18,20,,
855,20S-11127,2020-12-08,2020-12-01,7,,
856,20S-11128,2020-12-08,2020-12-03,5,,
857,20S-11130,2020-12-08,2020-12-03,5,,
858,20S-11132,2020-12-08,2020-11-26,12,,
859,20S-11133,2020-12-08,2020-09-29,70,,
860,20S-11134,2020-12-08,2020-12-01,7,,
861,20S-11159,2020-12-09,2020-10-10,60,,
862,20S-11160,2020-12-09,2020-11-19,20,,
863,20S-11161,2020-12-09,2020-11-09,30,,
864,20S-11162,2020-12-09,2020-12-04,5,,
865,20S-11163,2020-12-09,2020-12-04,5,,
866,20S-11166,2020-12-09,2020-10-20,50,,
867,20S-11195,2020-12-09,2020-12-09,0,,
868,20S-11196,2020-12-09,2020-12-09,0,,
869,20S-11197,2020-12-10,2020-11-30,10,,
870,20S-11198,2020-12-10,2020-12-05,5,,
871,20S-11199,2020-12-10,2020-12-06,4,,
872,20S-11200,2020-12-10,2020-12-06,4,,
873,20S-11201,2020-12-10,2020-12-05,5,,
874,20S-11208,2020-12-10,2020-12-07,3,,
875,20S-11209,2020-12-10,2020-12-07,3,,
876,20S-11238,2020-12-11,2020-12-06,5,,
877,20S-11239,2020-12-11,2020-12-06,5,,
878,20S-11240,2020-12-11,2020-12-08,3,,
879,20S-11242,2020-12-10,2020-12-06,4,,
880,20S-11244,2020-12-11,2020-11-06,35,,
881,20S-11246,2020-12-11,2020-12-08,3,,
882,20S-11248,2020-12-11,2020-12-07,4,,
883,20S-11269,2020-12-12,2020-12-08,4,,
884,20S-11273,2020-12-12,2020-12-05,7,,
885,20S-11405,2020-12-17,2020-12-10,7,,
886,20S-11492,2020-12-18,2020-11-18,30,,
887,20S-11533,2020-12-19,2020-12-12,7,,
888,20S-11541,2020-12-21,2020-12-11,10,,
889,20S-11549,2020-12-21,2020-12-16,5,,
890,20S-11550,2020-12-21,2020-12-14,7,,
891,20S-11551,2020-12-21,2020-12-14,7,,
892,20S-11572,2020-12-22,2020-10-13,70,,
893,20S-11576,2020-12-22,2020-12-12,10,,
894,20S-11627,2020-12-23,2020-12-16,7,,
895,20S-11628,2020-12-23,2020-12-13,10,,
896,20S-11629,2020-12-23,2020-11-28,25,,
897,20S-11631,2020-12-23,2020-11-13,40,,
898,20S-11676,2020-12-24,2020-12-19,5,,
899,20S-11685,2020-12-25,2020-12-23,2,,
900,20S-11687,2020-12-27,2020-12-23,4,,
901,20S-11737,2020-12-28,2020-12-13,15,,
902,20S-11738,2020-12-28,2020-12-18,10,,
903,20S-11739,2020-12-28,2020-12-25,3,,
904,20S-11744,2020-12-28,2020-12-03,25,,
905,20S-11745,2020-12-28,2020-12-25,3,,
906,20S-11754,2020-12-27,2020-12-27,0,,
907,20S-11755,2020-12-27,2020-12-27,0,,
908,20S-11763,2020-12-28,2020-12-28,0,,
909,20S-11895,2020-12-28,2020-12-13,15,,
910,20S-11902,2020-12-29,2020-12-19,10,,
911,20S-11905,2020-12-29,2020-12-24,5,,
912,21S-00001,2021-01-01,2020-12-20,12,,
913,21S-00002,2021-01-01,2020-12-25,7,,
914,21S-00003,2021-01-01,2020-12-25,7,,
915,21S-00004,2021-01-01,2020-12-25,7,,
916,21S-00005,2021-01-01,2020-12-12,20,,
917,21S-00006,2021-01-01,2020-12-20,12,,
918,21S-00025,2020-12-31,2020-12-26,5,,
919,21S-00026,2020-12-31,2020-12-23,8,,
920,21S-00043,2021-01-01,2021-01-01,0,,
921,21S-00101,2021-01-04,2020-12-30,5,,
922,21S-00108,2021-01-04,2021-01-04,0,,
923,21S-00109,2021-01-04,2021-01-04,0,,
924,21S-00124,2021-01-04,2020-12-31,4,,
925,21S-00127,2021-01-05,2020-12-29,7,,
926,21S-00150,2021-01-06,2021-01-02,4,,
927,21S-00151,2021-01-06,2021-01-02,4,,
928,21S-00152,2021-01-06,2020-12-27,10,,
929,21S-00153,2021-01-06,2020-12-30,7,,
930,21S-00184,2021-01-10,2021-01-05,5,,
931,21S-00185,2021-01-09,2020-12-26,14,,
932,21S-00186,2021-01-09,2020-12-20,20,,
933,21S-00193,2021-01-08,2021-01-08,0,,
934,21S-00196,2021-01-09,2021-01-09,0,,
935,21S-00203,2021-01-11,2020-12-22,20,,
936,21S-00204,2021-01-11,2021-01-06,5,,
937,21S-00216,2021-01-11,2021-01-11,0,,
938,21S-00225,2021-01-11,2021-01-11,0,,
939,21S-00233,2021-01-12,2021-01-02,10,,
940,21S-00235,2021-01-12,2020-12-28,15,,
941,21S-00236,2021-01-12,2021-01-08,4,,
942,21S-00314,2021-01-13,2020-12-19,25,,
943,21S-00316,2021-01-13,2020-12-24,20,,
944,21S-00318,2021-01-13,2020-12-29,15,,
945,21S-00338,2021-01-13,2020-12-19,25,,
946,21S-00344,2021-01-14,2020-12-27,18,,
947,21S-00345,2021-01-14,2020-12-15,30,,
948,21S-00346,2021-01-14,2020-12-10,35,,
949,21S-00347,2021-01-14,2020-12-25,20,,
950,21S-00348,2021-01-14,2021-01-04,10,,
951,21S-00401,2021-01-14,2020-12-31,14,,
952,21S-00402,2021-01-14,2021-01-04,10,,
953,21S-00403,2021-01-15,2020-12-26,20,,
954,21S-00404,2021-01-15,2020-12-29,17,,
955,21S-00405,2021-01-15,2021-01-01,14,,
956,21S-00406,2021-01-15,2020-12-29,17,,
957,21S-00409,2021-01-15,2021-01-07,8,,
958,21S-00422,2021-01-16,2021-01-11,5,,
959,21S-00423,2021-01-16,2021-01-11,5,,
960,21S-00424,2021-01-16,2021-01-09,7,,
961,21S-00425,2021-01-16,2021-01-12,4,,
962,21S-00427,2021-01-16,2021-01-12,4,,
963,21S-00428,2021-01-15,2020-12-28,18,,
964,21S-00482,2021-01-18,2021-01-08,10,,
965,21S-00484,2021-01-18,2021-01-08,10,,
966,21S-00485,2021-01-18,2021-01-03,15,,
967,21S-00486,2021-01-18,2021-01-11,7,,
968,21S-00512,2021-01-19,2021-01-19,0,,
969,21S-00517,2021-01-20,2021-01-10,10,,
970,21S-00519,2021-01-20,2020-12-26,25,,
971,21S-00520,2021-01-20,2021-01-10,10,,
972,21S-00521,2021-01-20,2021-01-05,15,,
973,21S-00560,2021-01-21,2021-01-15,6,,
974,21S-00561,2021-01-21,2021-01-09,12,,
975,21S-00564,2021-01-21,2021-01-14,7,,
976,21S-00602,2021-01-22,2021-01-10,12,,
977,21S-00605,2021-01-22,2021-01-12,10,,
978,21S-00606,2021-01-22,2021-01-12,10,,
979,21S-00608,2021-01-22,2020-12-28,25,,
980,21S-00630,2021-01-23,2021-01-18,5,,
981,21S-00631,2021-01-23,2021-01-18,5,,
982,21S-00632,2021-01-23,2021-01-18,5,,
983,21S-00633,2021-01-24,2021-01-17,7,,
984,21S-00634,2021-01-24,2021-01-17,7,,
985,21S-00635,2021-01-24,2021-01-17,7,,
986,21S-00659,2021-01-25,2021-01-20,5,,
987,21S-00660,2021-01-25,2021-01-20,5,,
988,21S-00663,2021-01-25,2021-01-19,6,,
989,21S-00667,2021-01-25,2020-12-16,40,,
990,21S-00671,2021-01-25,2021-01-10,15,,
991,21S-00672,2021-01-25,2021-01-18,7,,
992,21S-00678,2021-01-25,2021-01-13,12,,
993,21S-00679,2021-01-25,2021-01-15,10,,
994,21S-00699,2021-01-25,2021-01-05,20,,
995,21S-00700,2021-01-26,2021-01-21,5,,
996,21S-00950,2021-01-27,2021-01-22,5,,
997,21S-00957,2021-01-27,2021-01-20,7,,
998,21S-00958,2021-01-27,2021-01-17,10,,
999,21S-00959,2021-01-27,2021-01-12,15,,
1000,21S-00960,2021-01-27,2020-12-28,30,,
1001,21S-00961,2021-01-27,2021-01-07,20,,
1002,21S-00975,2021-01-28,2021-01-23,5,,
1003,21S-00976,2021-01-28,2021-01-23,5,,
1004,21S-00977,2021-01-28,2021-01-23,5,,
1005,21S-01004,2021-01-29,2020-11-30,60,,
1006,21S-01006,2021-01-29,2021-01-14,15,,
1007,21S-01008,2021-01-29,2020-11-30,60,,
1008,21S-01026,2021-01-31,2021-01-26,5,,
1009,21S-01082,2021-02-01,2021-01-17,15,,
1010,21S-01083,2021-02-01,2021-01-25,7,,
1011,21S-01084,2021-02-01,2021-01-24,8,,
1012,21S-01125,2021-02-02,2021-01-25,8,,
1013,21S-01126,2021-02-02,2021-01-25,8,,
1014,21S-01127,2021-02-02,2021-01-26,7,,
1015,21S-01128,2021-02-02,2021-01-26,7,,
1016,21S-01129,2021-02-02,2021-01-26,7,,
1017,21S-01130,2021-02-02,2021-01-18,15,,
1018,21S-01132,2021-02-02,2021-01-18,15,,
1019,21S-01133,2021-02-02,2021-01-21,12,,
1020,21S-01134,2021-02-02,2021-01-18,15,,
1021,21S-01135,2021-02-02,2021-01-18,15,,
1022,21S-01136,2021-02-02,2021-01-21,12,,
1023,21S-01145,2021-02-02,2021-01-23,10,,
1024,21S-01146,2021-02-02,2021-01-23,10,,
1025,21S-01187,2021-02-03,2021-01-19,15,,
1026,21S-01188,2021-02-03,2021-01-14,20,,
1027,21S-01189,2021-02-03,2021-01-27,7,,
1028,21S-01196,2021-02-03,2021-01-04,30,,
1029,21S-01197,2021-02-03,2021-01-14,20,,
1030,21S-01200,2021-02-03,2021-01-14,20,,
1031,21S-01201,2021-02-03,2021-01-22,12,,
1032,21S-01202,2021-02-03,2021-01-22,12,,
1033,21S-01203,2021-02-03,2021-01-22,12,,
1034,21S-01204,2021-02-03,2021-01-22,12,,
1035,21S-01205,2021-02-03,2021-01-22,12,,
1036,21S-01206,2021-02-03,2021-01-27,7,,
1037,21S-01227,2021-02-03,2021-01-29,5,,
1038,21S-01207,2021-02-03,2021-01-29,5,,
1039,21S-01293,2021-02-05,2021-01-11,25,,
1040,21S-01294,2021-02-05,2021-01-26,10,,
1041,21S-01295,2021-02-05,2021-01-24,12,,
1042,21S-01296,2021-02-05,2021-01-26,10,,
1043,21S-01297,2021-02-05,2021-01-16,20,,
1044,21S-01301,2021-02-05,2021-01-16,20,,
1045,21S-01302,2021-02-05,2021-01-28,8,,
1046,21S-01314,2021-02-06,2021-02-01,5,,
1047,21S-01315,2021-02-06,2021-01-27,10,,
1048,21S-01316,2021-02-05,2021-01-21,15,,
1049,21S-01328,2021-02-08,2021-01-24,15,,
1050,21S-01331,2021-02-08,2021-01-14,25,,
1051,21S-01332,2021-02-08,2021-01-09,30,,
1052,21S-01334,2021-02-08,2021-01-19,20,,
1053,21S-01335,2021-02-08,2021-01-31,8,,
1054,21S-01356,2021-02-09,2021-01-28,12,,
1055,21S-01357,2021-02-09,2021-02-02,7,,
1056,21S-01358,2021-02-09,2021-02-02,7,,
1057,21S-01362,2021-02-09,2021-01-25,15,,
1058,21S-01364,2021-02-08,2021-02-05,3,,
1059,21S-01435,2021-02-10,2021-01-29,12,,
1060,21S-01436,2021-02-10,2021-01-31,10,,
1061,21S-01438,2021-02-10,2021-01-21,20,,
1062,21S-01439,2021-02-10,2021-01-31,10,,
1063,21S-01440,2021-02-10,2021-02-02,8,,
1064,21S-01441,2021-02-10,2021-02-03,7,,
1065,21S-01442,2021-02-10,2021-01-26,15,,
1066,21S-01443,2021-02-10,2021-01-29,12,,
1067,21S-01444,2021-02-10,2021-02-02,8,,
1068,21S-01445,2021-02-10,2021-01-29,12,,
1069,21S-01446,2021-02-10,2021-01-31,10,,
1070,21S-01447,2021-02-10,2021-01-31,10,,
1071,21S-01450,2021-02-10,2021-01-16,25,,
1072,21S-01457,2021-02-10,2021-01-21,20,,
1073,21S-01476,2021-02-07,2021-02-07,0,,
1074,21S-01504,2021-02-11,2021-01-30,12,,
1075,21S-01505,2021-02-12,2021-01-31,12,,
1076,21S-01544,2021-02-15,2021-02-10,5,,
1077,21S-01547,2021-02-15,2021-02-10,5,,
1078,21S-01550,2021-02-15,2021-02-05,10,,
1079,21S-01631,2021-02-16,2021-02-06,10,,
1080,21S-01632,2021-02-16,2021-02-06,10,,
1081,21S-01633,2021-02-16,2021-02-08,8,,
1082,21S-01634,2021-02-16,2021-02-09,7,,
1083,21S-01635,2021-02-16,2021-02-04,12,,
1084,21S-01638,2021-02-16,2021-01-17,30,,
1085,21S-01640,2021-02-16,2021-02-01,15,,
1086,21S-01645,2021-02-16,2020-12-08,70,,
1087,21S-01648,2021-02-15,2021-01-31,15,,
1088,21S-01653,2021-02-16,2021-02-01,15,,
1089,21S-01762,2021-02-17,2021-02-09,8,,
1090,21S-01763,2021-02-17,2021-02-12,5,,
1091,21S-01765,2021-02-17,2021-02-02,15,,
1092,21S-01766,2021-02-17,2021-02-02,15,,
1093,21S-01767,2021-02-17,2021-02-07,10,,
1094,21S-01771,2021-02-16,2021-02-16,0,,
1095,21S-01773,2021-02-17,2021-02-17,0,,
1096,21S-01808,2021-02-18,2021-02-10,8,,
1097,21S-01809,2021-02-18,2021-02-10,8,,
1098,21S-01810,2021-02-18,2021-02-03,15,,
1099,21S-01811,2021-02-18,2021-02-06,12,,
1100,21S-01813,2021-02-17,2021-01-30,18,,
1101,21S-01821,2021-02-18,2021-02-10,8,,
1102,21S-01822,2021-02-18,2021-02-08,10,,
1103,21S-01823,2021-02-18,2021-02-10,8,,
1104,21S-01824,2021-02-18,2021-02-06,12,,
1105,21S-01827,2021-02-18,2021-02-18,0,,
1106,21S-01840,2021-02-19,2020-12-21,60,,
1107,21S-01841,2021-02-19,2021-01-05,45,,
1108,21S-01842,2021-02-19,2021-01-10,40,,
1109,21S-01843,2021-02-19,2021-01-30,20,,
1110,21S-01844,2021-02-19,2021-02-09,10,,
1111,21S-01846,2021-02-19,2021-02-04,15,,
1112,21S-01847,2021-02-19,2021-02-09,10,,
1113,21S-01848,2021-02-19,2021-02-09,10,,
1114,21S-01849,2021-02-19,2021-02-04,15,,
1115,21S-01851,2021-02-19,2021-02-04,15,,
1116,21S-01855,2021-02-19,2021-02-09,10,,
1117,21S-01895,2021-02-20,2021-02-13,7,,
1118,21S-01908,2021-02-22,2021-02-17,5,,
1119,21S-01912,2021-02-22,2021-02-07,15,,
1120,21S-01913,2021-02-22,2021-02-02,20,,
1121,21S-01915,2021-02-22,2021-02-07,15,,
1122,21S-01916,2021-02-22,2021-02-12,10,,
1123,21S-01919,2021-02-22,2021-02-12,10,,
1124,21S-01920,2021-02-21,2021-02-14,7,,
1125,21S-01921,2021-02-21,2021-02-01,20,,
1126,21S-01923,2021-02-20,2021-02-20,0,,
1127,21S-01937,2021-02-22,2021-02-22,0,,
1128,21S-01941,2021-02-22,2021-02-20,2,,
1129,21S-01958,2021-02-23,2021-02-16,7,,
1130,21S-01959,2021-02-23,2021-02-03,20,,
1131,21S-01964,2021-02-23,2021-01-24,30,,
1132,21S-01965,2021-02-23,2021-02-16,7,,
1133,21S-01966,2021-02-23,2021-02-03,20,,
1134,21S-01967,2021-02-23,2021-02-16,7,,
1135,21S-01968,2021-02-23,2021-02-11,12,,
1136,21S-01970,2021-02-23,2021-02-08,15,,
1137,21S-01971,2021-02-23,2021-01-29,25,,
1138,21S-01981,2021-02-23,2021-02-13,10,,
1139,21S-01986,2021-02-24,2021-02-19,5,,
1140,21S-01987,2021-02-24,2021-01-25,30,,
1141,21S-01988,2021-02-24,2021-02-22,2,,
1142,21S-01989,2021-02-24,2021-02-04,20,,
1143,21S-01990,2021-02-24,2021-02-09,15,,
1144,21S-01991,2021-02-24,2021-02-14,10,,
1145,21S-01993,2021-02-24,2021-01-05,50,,
1146,21S-02185,2021-02-25,2021-02-20,5,,
1147,21S-02186,2021-02-25,2021-02-17,8,,
1148,21S-02188,2021-02-25,2021-01-31,25,,
1149,21S-02189,2021-02-25,2021-01-31,25,,
1150,21S-02190,2021-02-25,2021-02-18,7,,
1151,21S-02191,2021-02-25,2021-01-31,25,,
1152,21S-02192,2021-02-25,2021-02-05,20,,
1153,21S-02195,2021-02-25,2021-02-17,8,,
1154,21S-02196,2021-02-25,2021-02-05,20,,
1155,21S-02197,2021-02-25,2021-01-16,40,,
1156,21S-02198,2021-02-25,2021-02-18,7,,
1157,21S-02199,2021-02-25,2021-01-26,30,,
1158,21S-02200,2021-02-25,2021-01-26,30,,
1159,21S-02203,2021-02-24,2021-01-25,30,,
1160,21S-02204,2021-02-25,2021-02-20,5,,
1161,21S-02205,2021-02-25,2021-01-31,25,,
1162,21S-02206,2021-02-25,2021-02-13,12,,
1163,21S-02207,2021-02-25,2021-02-15,10,,
1164,21S-02222,2021-02-26,2021-02-18,8,,
1165,21S-02223,2021-02-26,2021-02-14,12,,
1166,21S-02224,2021-02-26,2021-01-27,30,,
1167,21S-02225,2021-02-26,2021-02-06,20,,
1168,21S-02229,2021-02-26,2021-02-06,20,,
1169,21S-02230,2021-02-26,2021-02-11,15,,
1170,21S-02231,2021-02-26,2021-02-14,12,,
1171,21S-02232,2021-02-26,2021-02-19,7,,
1172,21S-02233,2021-02-26,2021-02-06,20,,
1173,21S-02234,2021-02-26,2021-02-11,15,,
1174,21S-02235,2021-02-26,2021-01-12,45,,
1175,21S-02296,2021-02-27,2021-02-19,8,,
1176,21S-02298,2021-02-27,2021-02-07,20,,
1177,21S-02753,2021-03-04,2021-02-10,22,,
1178,21S-02754,2021-03-04,2021-02-24,8,,
1179,21S-02768,2021-03-05,2021-01-24,40,,
1180,21S-02769,2021-03-05,2021-01-29,35,,
1181,21S-02821,2021-03-07,2021-02-20,15,,
1182,21S-02822,2021-03-06,2021-02-09,25,,
1183,21S-02823,2021-03-06,2021-02-27,7,,
1184,21S-02829,2021-03-06,2021-03-03,3,,
1185,21S-03131,2021-03-08,2021-03-01,7,,
1186,21S-03132,2021-03-08,2021-02-21,15,,
1187,21S-03136,2021-03-08,2021-02-21,15,,
1188,21S-03137,2021-03-08,2021-02-21,15,,
1189,21S-03138,2021-03-08,2021-02-16,20,,
1190,21S-03140,2021-03-08,2021-02-21,15,,
1191,21S-03173,2021-03-09,2021-03-01,8,,
1192,21S-03175,2021-03-09,2021-02-19,18,,
1193,21S-03176,2021-03-09,2021-02-22,15,,
1194,21S-03179,2021-03-09,2021-02-07,30,,
1195,21S-03182,2021-03-09,2021-02-17,20,,
1196,21S-03183,2021-03-09,2021-03-05,4,,
1197,21S-03189,2021-03-08,2021-03-08,0,,
1198,21S-03248,2021-03-09,2021-02-12,25,,
1199,21S-03253,2021-03-10,2021-02-08,30,,
1200,21S-03254,2021-03-10,2021-02-20,18,,
1201,21S-03255,2021-03-10,2021-02-23,15,,
1202,21S-03256,2021-03-10,2021-02-13,25,,
1203,21S-03257,2021-03-10,2021-02-18,20,,
1204,21S-03258,2021-03-10,2021-02-08,30,,
1205,21S-03260,2021-03-10,2021-01-09,60,,
1206,21S-03263,2021-03-10,2021-02-18,20,,
1207,21S-03264,2021-03-10,2021-02-23,15,,
1208,21S-03343,2021-03-11,2021-02-19,20,,
1209,21S-03345,2021-03-11,2021-01-20,50,,
1210,21S-03346,2021-03-11,2021-01-20,50,,
1211,21S-03349,2021-03-11,2020-10-12,150,,
1212,21S-03350,2021-03-11,2021-02-04,35,,
1213,21S-03351,2021-03-11,2021-02-14,25,,
1214,21S-03352,2021-03-11,2021-02-19,20,,
1215,21S-03353,2021-03-11,2021-02-14,25,,
1216,21S-03359,2021-03-11,2021-02-24,15,,
1217,21S-03369,2021-03-12,2021-02-25,15,,
1218,21S-03370,2021-03-12,2021-03-02,10,,
1219,21S-03372,2021-03-12,2021-02-15,25,,
1220,21S-03376,2021-03-12,2021-02-25,15,,
1221,21S-03390,2021-03-12,2021-03-02,10,,
1222,21S-03391,2021-03-13,2021-03-06,7,,
1223,21S-03392,2021-03-13,2021-02-26,15,,
1224,21S-03393,2021-03-13,2021-02-26,15,,
1225,21S-03410,2021-03-15,2021-02-18,25,,
1226,21S-03411,2021-03-15,2021-02-18,25,,
1227,21S-03412,2021-03-15,2021-03-08,7,,
1228,21S-03413,2021-03-14,2021-02-27,15,,
1229,21S-03414,2021-03-14,2021-03-04,10,,
1230,21S-03749,2021-03-16,2021-03-09,7,,
1231,21S-03752,2021-03-16,2021-02-19,25,,
1232,21S-03754,2021-03-16,2021-02-09,35,,
1233,21S-03756,2021-03-16,2021-03-06,10,,
1234,21S-03757,2021-03-16,2021-03-11,5,,
1235,21S-03758,2021-03-16,2021-02-19,25,,
1236,21S-03847,2021-03-17,2021-02-20,25,,
1237,21S-03848,2021-03-17,2021-03-05,12,,
1238,21S-03870,2021-03-17,2021-03-10,7,,
1239,21S-03872,2021-03-18,2021-02-06,40,,
1240,21S-03874,2021-03-18,2021-02-21,25,,
1241,21S-03879,2021-03-18,2021-03-06,12,,
1242,21S-03881,2021-03-18,2021-02-26,20,,
1243,21S-03925,2021-03-19,2021-02-22,25,,
1244,21S-03926,2021-03-19,2021-02-27,20,,
1245,21S-03927,2021-03-19,2021-02-22,25,,
1246,21S-03930,2021-03-19,2021-02-22,25,,
1247,21S-03931,2021-03-19,2021-03-04,15,,
1248,21S-03953,2021-03-21,2021-02-24,25,,
1249,21S-03969,2021-03-19,2020-10-20,150,,
1250,21S-03971,2021-03-22,2021-03-12,10,,
1251,21S-03972,2021-03-22,2021-02-20,30,,
1252,21S-03973,2021-03-22,2021-03-12,10,,
1253,21S-03974,2021-03-22,2021-03-10,12,,
1254,21S-03978,2021-03-22,2021-02-25,25,,
1255,21S-03979,2021-03-22,2021-02-25,25,,
1256,21S-04043,2021-03-23,2021-03-08,15,,
1257,21S-04044,2021-03-23,2021-02-16,35,,
1258,21S-04045,2021-03-23,2021-02-16,35,,
1259,21S-04050,2021-03-22,2021-02-25,25,,
1260,21S-04051,2021-03-22,2021-02-25,25,,
1261,21S-04052,2021-03-23,2021-02-16,35,,
1262,21S-04053,2021-03-23,2021-02-21,30,,
1263,21S-04056,2021-03-23,2021-02-11,40,,
1264,21S-04086,2021-03-24,2021-02-22,30,,
1265,21S-04087,2021-03-24,2021-02-27,25,,
1266,21S-04088,2021-03-24,2021-02-12,40,,
1267,21S-04092,2021-03-24,2021-02-12,40,,
1268,21S-04108,2021-03-24,2021-03-04,20,,
1269,21S-04109,2021-03-24,2021-02-12,40,,
1270,21S-04110,2021-03-24,2021-02-17,35,,
1271,21S-04111,2021-03-24,2021-03-09,15,,
1272,21S-04114,2021-03-25,2021-02-23,30,,
1273,21S-04120,2021-03-25,2021-02-23,30,,
1274,21S-04121,2021-03-25,2021-02-23,30,,
1275,21S-04146,2021-03-26,2021-02-14,40,,
1276,21S-04148,2021-03-26,2021-02-14,40,,
1277,21S-04149,2021-03-26,2021-03-01,25,,
1278,21S-04154,2021-03-26,2021-02-24,30,,
1279,21S-04162,2021-03-26,2021-03-16,10,,
1280,21S-04321,2021-03-29,2021-03-22,7,,
1281,21S-04327,2021-03-29,2021-02-17,40,,
1282,21S-04382,2021-03-30,2021-03-05,25,,
1283,21S-04384,2021-03-30,2021-03-10,20,,
1284,21S-04386,2021-03-30,2021-02-28,30,,
1285,21S-04387,2021-03-30,2021-03-10,20,,
1286,21S-04421,2021-03-31,2021-03-01,30,,
1287,21S-04423,2021-03-31,2021-02-09,50,,
1288,21S-04424,2021-03-31,2021-03-06,25,,
1289,21S-04458,2021-04-01,2021-02-25,35,,
1290,21S-04469,2021-04-01,2021-03-12,20,,
1291,21S-04478,2021-04-01,2021-03-02,30,,
1292,21S-04528,2021-04-02,2021-02-16,45,,
1293,21S-04532,2021-04-02,2021-02-01,60,,
1294,21S-04551,2021-04-03,2021-03-04,30,,
1295,21S-04553,2021-04-04,2021-03-05,30,,
1296,21S-04565,2021-04-05,2021-03-18,18,,
1297,21S-04567,2021-04-05,2021-02-19,45,,
1298,21S-04569,2021-04-05,2021-03-26,10,,
1299,21S-04571,2021-04-05,2021-03-21,15,,
1300,21S-04602,2021-04-06,2021-03-07,30,,
1301,21S-04606,2021-04-06,2021-03-22,15,,
1302,21S-04607,2021-04-06,2021-03-25,12,,
1303,21S-04608,2021-04-06,2021-03-30,7,,
1304,21S-04643,2021-04-07,2021-03-13,25,,
1305,21S-04647,2021-04-07,2021-03-08,30,,
1306,21S-04649,2021-04-07,2021-03-18,20,,
1307,21S-04650,2021-04-07,2021-03-31,7,,
1308,21S-04667,2021-04-08,2021-02-27,40,,
1309,21S-04673,2021-04-07,2021-04-02,5,,
1310,21S-04674,2021-04-08,2021-04-01,7,,
1311,21S-04675,2021-04-08,2021-04-02,6,,
1312,21S-04681,2021-04-08,2021-04-02,6,,
1313,21S-04697,2021-04-09,2021-04-05,4,,
1314,21S-04700,2021-04-09,2021-04-05,4,,
1315,21S-04701,2021-04-09,2021-04-05,4,,
1316,21S-04702,2021-04-09,2021-04-01,8,,
1317,21S-04703,2021-04-09,2021-04-02,7,,
1318,21S-04705,2021-04-09,2021-04-01,8,,
1319,21S-04707,2021-04-09,2021-03-20,20,,
1320,21S-04709,2021-04-09,2021-04-04,5,,
1321,21S-04719,2021-04-10,2021-03-26,15,,
1322,21S-04737,2021-04-12,2021-03-03,40,,
1323,21S-04739,2021-04-12,2021-03-23,20,,
1324,21S-04741,2021-04-12,2021-03-13,30,,
1325,21S-04742,2021-04-12,2021-04-07,5,,
1326,21S-04745,2021-04-12,2021-03-18,25,,
1327,21S-04746,2021-04-12,2021-04-10,2,,
1328,21S-04760,2021-04-13,2021-04-09,4,,
1329,21S-04761,2021-04-13,2021-03-14,30,,
1330,21S-04763,2021-04-13,2021-04-01,12,,
1331,21S-04766,2021-04-12,2021-04-02,10,,
1332,21S-04767,2021-04-12,2021-03-23,20,,
1333,21S-04769,2021-04-12,2021-04-02,10,,
1334,21S-04770,2021-04-12,2021-03-23,20,,
1335,21S-04794,2021-04-14,2021-03-20,25,,
1336,21S-04799,2021-04-14,2021-02-23,50,,
1337,21S-04802,2021-04-14,2021-03-15,30,,
1338,21S-04803,2021-04-14,2021-02-23,50,,
1339,21S-04804,2021-04-14,2021-03-05,40,,
1340,21S-04805,2021-04-14,2021-02-23,50,,
1341,21S-04806,2021-04-14,2021-02-03,70,,
1342,21S-04807,2021-04-14,2021-04-02,12,,
1343,21S-04808,2021-04-14,2021-03-30,15,,
1344,21S-04896,2021-04-15,2021-04-05,10,,
1345,21S-04897,2021-04-15,2021-03-06,40,,
1346,21S-04898,2021-04-15,2021-03-21,25,,
1347,21S-04899,2021-04-15,2021-03-21,25,,
1348,21S-04914,2021-04-16,2021-02-15,60,,
1349,21S-04915,2021-04-16,2021-04-13,3,,
1350,21S-04917,2021-04-16,2021-03-07,40,,
1351,21S-04918,2021-04-16,2021-04-04,12,,
1352,21S-04919,2021-04-16,2021-04-01,15,,
1353,21S-04932,2021-04-16,2021-04-16,0,,
1354,21S-04937,2021-04-15,2021-03-11,35,,
1355,21S-04938,2021-04-18,2021-03-19,30,,
1356,21S-04939,2021-04-18,2021-04-06,12,,
1357,21S-04940,2021-04-17,2021-04-13,4,,
1358,21S-04943,2021-04-17,2021-03-03,45,,
1359,21S-04959,2021-04-16,2021-04-11,5,,
1360,21S-04960,2021-04-19,2021-02-28,50,,
1361,21S-04963,2021-04-19,2021-03-15,35,,
1362,21S-04966,2021-04-19,2021-03-15,35,,
1363,21S-04967,2021-04-19,2021-04-10,9,,
1364,21S-04968,2021-04-19,2021-04-15,4,,
1365,21S-04971,2021-04-19,2021-04-05,14,,
1366,21S-04972,2021-04-19,2021-04-07,12,,
1367,21S-04979,2021-04-19,2021-03-30,20,,
1368,21S-04980,2021-04-19,2021-04-14,5,,
1369,21S-04981,2021-04-19,2021-02-28,50,,
1370,21S-05002,2021-04-20,2021-04-08,12,,
1371,21S-05004,2021-04-20,2021-03-26,25,,
1372,21S-05005,2021-04-20,2021-04-15,5,,
1373,21S-05006,2021-04-20,2021-03-31,20,,
1374,21S-05007,2021-04-20,2021-04-08,12,,
1375,21S-05011,2021-04-20,2021-04-12,8,,
1376,21S-05055,2021-04-21,2021-04-16,5,,
1377,21S-05057,2021-04-20,2021-04-05,15,,
1378,21S-05058,2021-04-16,2021-04-05,11,,
1379,21S-05118,2021-04-22,2021-03-03,50,,
1380,21S-05121,2021-04-22,2021-03-13,40,,
1381,21S-05122,2021-04-22,2021-04-17,5,,
1382,21S-05128,2021-04-22,2021-04-07,15,,
1383,21S-05130,2021-04-22,2021-03-28,25,,
1384,21S-05131,2021-04-22,2021-04-16,6,,
1385,21S-05133,2021-04-22,2021-02-21,60,,
1386,21S-05169,2021-04-23,2021-04-18,5,,
1387,21S-05170,2021-04-23,2021-04-14,9,,
1388,21S-05174,2021-04-23,2021-04-19,4,,
1389,21S-05177,2021-04-23,2021-04-19,4,,
1390,21S-05178,2021-04-23,2021-04-11,12,,
1391,21S-05195,2021-04-24,2021-04-17,7,,
1392,21S-05199,2021-04-24,2021-04-18,6,,
1393,21S-05200,2021-04-25,2021-04-11,14,,
1394,21S-05202,2021-04-24,2021-03-05,50,,
1395,21S-05203,2021-04-24,2021-04-19,5,,
1396,21S-05226,2021-04-26,2021-02-25,60,,
1397,21S-05234,2021-04-26,2021-04-17,9,,
1398,21S-05236,2021-04-26,2021-04-06,20,,
1399,21S-05237,2021-04-26,2021-04-21,5,,
1400,21S-05239,2021-04-25,2021-03-06,50,,
1401,21S-05240,2021-04-26,2021-04-16,10,,
1402,21S-05285,2021-04-27,2021-03-28,30,,
1403,21S-05289,2021-04-27,2021-04-07,20,,
1404,21S-05310,2021-04-28,2021-04-23,5,,
1405,21S-05372,2021-05-03,2021-04-18,15,,
1406,21S-05391,2021-05-03,2021-04-23,10,,
1407,21S-05393,2021-05-05,2021-03-31,35,,
1408,21S-05502,2021-05-08,2021-04-17,21,,
1409,21S-05506,2021-05-08,2021-03-19,50,,
1410,21S-05521,2021-05-09,2021-05-06,3,,
1411,21S-05522,2021-05-09,2021-05-06,3,,
1412,21S-05535,2021-05-10,2021-04-05,35,,
1413,21S-05537,2021-05-10,2021-04-05,35,,
1414,21S-05538,2021-05-10,2021-03-31,40,,
1415,21S-05585,2021-05-11,2021-03-27,45,,
1416,21S-05640,2021-05-12,2021-03-13,60,,
1417,21S-05678,2021-05-13,2021-04-08,35,,
1418,21S-05726,2021-05-13,2021-04-18,25,,
1419,21S-05744,2021-05-15,2021-05-10,5,,
1420,21S-05898,2021-05-24,2021-04-19,35,,
1421,21S-05901,2021-05-24,2021-03-05,80,,
1422,21S-05969,2021-05-26,2021-04-21,35,,
1423,21S-06029,2021-05-28,2021-04-08,50,,
1424,21S-06063,2021-05-29,2021-05-09,20,,
1425,21S-06197,2021-06-04,2021-04-05,60,,
